substitution;ddG_pred;c_pred
D12.A{N};1.11287435747;0.929468327217
R23.A{C};1.86418784313;0.83027738276
R23.A{C};1.86418784313;0.83027738276
R23.A{C};1.86418784313;0.83027738276
R23.A{C};1.86418784313;0.83027738276
R23.A{C};1.86418784313;0.83027738276
R23.A{C};1.86418784313;0.83027738276
R23.A{C};1.86418784313;0.83027738276
R23.A{H};1.66552425327;0.809947579614
R23.A{H};1.66552425327;0.809947579614
R23.A{H};1.66552425327;0.809947579614
E27.A{K};-0.486225848319;0.906805563197
E31.A{K};-0.60498638445;0.849186538328
A32.A{T};0.230998699564;0.892472774402
E39.A{K};-0.295127749783;0.9006000439
G49.A{S};-0.0211151357474;0.886281593919
S53.A{T};-0.282399141826;0.969210132293
L54.A{M};0.625059856275;0.920969861764
G55.A{R};-0.0713788386193;0.928202824091
D58.A{G};0.531981497273;0.786334171077
A60.A{T};0.596951162161;0.899085223355
G61.A{S};0.790817798656;0.893441948292
D63.A{Y};0.251592382117;0.903639578243
F65.A{L};0.405728950664;0.919070147097
R69.A{W};1.51753187812;0.79332141871
P70.A{L};-1.09557043034;0.859117150585
Q75.A{K};-0.287527751641;0.898748297237
A76.A{E};1.70100326095;0.813212854537
C82.A{R};1.87120025725;0.881795857033
Y83.A{C};-0.130783698677;0.843319459094
S84.A{Y};0.0955548793545;0.8785730852
K95.A{N};0.229450890266;0.874964131687
G100.A{D};0.163915891475;0.873802530167
E101.A{K};1.58273165929;0.83359530166
S104.A{G};-0.0685218781819;0.937212277704
T118.A{I};0.832296101604;0.829773011243
R121.A{L};-0.614889372858;0.884353381137
R121.A{L};-0.614889372858;0.884353381137
S129.A{F};0.054812172927;0.93326838557
N132.A{H};0.803440498576;0.881942489213
E135.A{K};0.0465320836628;0.890694297144
E135.A{K};0.0465320836628;0.890694297144
G136.A{E};1.09920474788;0.840687440201
R144.A{I};0.012629891725;0.886802912259
A145.A{V};0.972820572372;0.884607984732
S155.A{G};1.12771200527;0.903994295278
R157.A{W};0.0713186929326;0.909111807676
R157.A{W};0.0713186929326;0.909111807676
R157.A{W};0.0713186929326;0.909111807676
R157.A{W};0.0713186929326;0.909111807676
R157.A{Q};0.562527996284;0.836994491825
R157.A{Q};0.562527996284;0.836994491825
V167.A{I};1.27122822768;0.897659292788
R168.A{Q};0.235584941016;0.862657171972
R168.A{Q};0.235584941016;0.862657171972
A174.A{S};0.298093057419;0.860727470416
R175.A{K};-0.508440827139;0.800484005097
R177.A{Q};-0.407366808541;0.808865103083
R177.A{Q};-0.407366808541;0.808865103083
R179.A{T};0.314950160094;0.864489830671
C188.A{R};0.754266783319;0.921387886287
